Rank;Sourceid;Title;Type;Issn;Publisher;Open Access;Open Access Diamond;SJR;SJR Quartile;H index;Total Docs. (2023);Total Docs. (3years);Total Refs.;Total Citations (3years);Citable Docs. (3years);Citations / Doc. (2years);Ref. / Doc.;%Female;Overton;Country;Region;Publisher;Coverage;Categories;Areas
1;20425;"Nature Reviews Drug Discovery";journal;"14741784, 14741776";"Nature Research";No;No;22,399;Q1;428;235;729;8040;12994;144;19,53;34,21;33,89;20;United Kingdom;Western Europe;"Nature Research";"2002-2026";"Drug Discovery (Q1); Medicine (miscellaneous) (Q1); Pharmacology (Q1)";"Medicine; Pharmacology, Toxicology and Pharmaceutics"
2;19600166320;"Protein and Cell";journal;"16748018, 1674800X";"Oxford University Press";Yes;No;4,412;Q1;114;84;254;5031;2695;151;12,28;59,89;41,27;1;United Kingdom;Western Europe;"Oxford University Press";"2010-2026";"Biochemistry (Q1); Biotechnology (Q1); Cell Biology (Q1); Drug Discovery (Q1); Medicine (miscellaneous) (Q1)";"Biochemistry, Genetics and Molecular Biology; Medicine; Pharmacology, Toxicology and Pharmaceutics"
3;12455;"Molecular Therapy";journal;"15250024, 15250016";"Cell Press";No;No;3,736;Q1;233;287;820;15697;7736;707;9,40;54,69;42,95;2;United States;Northern America;"Cell Press";"2000-2026";"Drug Discovery (Q1); Genetics (Q1); Medicine (miscellaneous) (Q1); Molecular Biology (Q1); Molecular Medicine (Q1); Pharmacology (Q1)";"Biochemistry, Genetics and Molecular Biology; Medicine; Pharmacology, Toxicology and Pharmaceutics"
4;19907;"Medicinal Research Reviews";journal;"01986325, 10981128";"John Wiley &amp; Sons Inc.";No;No;2,864;Q1;167;56;242;12533;3367;237;13,06;223,80;35,64;1;United States;Northern America;"John Wiley &amp; Sons Inc.";"1981-2026";"Drug Discovery (Q1); Molecular Medicine (Q1); Pharmacology (Q1)";"Biochemistry, Genetics and Molecular Biology; Pharmacology, Toxicology and Pharmaceutics"
5;21100456838;"Cell Chemical Biology";journal;"24519448, 24519456";"Elsevier Ltd";No;No;2,584;Q1;223;152;476;8468;3212;423;5,57;55,71;39,79;1;United Kingdom;Western Europe;"Elsevier Ltd";"2016-2026";"Biochemistry (Q1); Clinical Biochemistry (Q1); Drug Discovery (Q1); Molecular Biology (Q1); Molecular Medicine (Q1); Pharmacology (Q1)";"Biochemistry, Genetics and Molecular Biology; Pharmacology, Toxicology and Pharmaceutics"
6;21100232818;"Emerging Microbes and Infections";journal;"22221751";"Taylor and Francis Ltd.";Yes;No;2,316;Q1;115;246;807;10702;7258;668;8,03;43,50;43,92;23;United Kingdom;Western Europe;"Taylor and Francis Ltd.";"2012-2026";"Drug Discovery (Q1); Epidemiology (Q1); Immunology (Q1); Infectious Diseases (Q1); Medicine (miscellaneous) (Q1); Microbiology (Q1); Parasitology (Q1); Virology (Q1)";"Immunology and Microbiology; Medicine; Pharmacology, Toxicology and Pharmaceutics"
7;26371;"Natural Product Reports";journal;"02650568, 14604752";"Royal Society of Chemistry";No;No;2,297;Q1;225;65;278;11555;2993;276;10,37;177,77;33,19;0;United Kingdom;Western Europe;"Royal Society of Chemistry";"1984-2026";"Biochemistry (Q1); Drug Discovery (Q1); Organic Chemistry (Q1)";"Biochemistry, Genetics and Molecular Biology; Chemistry; Pharmacology, Toxicology and Pharmaceutics"
8;23041;"Journal of Medicinal Chemistry";journal;"00222623, 15204804";"American Chemical Society";No;No;1,986;Q1;329;969;2811;58785;20590;2782;6,88;60,67;39,32;4;United States;Northern America;"American Chemical Society";"1959-1961, 1963-2026";"Drug Discovery (Q1); Molecular Medicine (Q1)";"Biochemistry, Genetics and Molecular Biology; Pharmacology, Toxicology and Pharmaceutics"
9;21101088425;"MedComm";journal;"26882663";"John Wiley and Sons Inc";Yes;No;1,926;Q1;57;245;169;34185;1409;143;9,34;139,53;42,40;2;United States;Northern America;"John Wiley and Sons Inc";"2020-2026";"Biochemistry (medical) (Q1); Cell Biology (Q1); Drug Discovery (Q1); Genetics (Q1); Genetics (clinical) (Q1); Immunology and Allergy (Q1); Oncology (Q1)";"Biochemistry, Genetics and Molecular Biology; Medicine; Pharmacology, Toxicology and Pharmaceutics"
10;21100218543;"Molecular Therapy Nucleic Acids";journal;"21622531";"Cell Press";Yes;No;1,849;Q1;113;289;959;15510;6581;927;6,19;53,67;43,54;3;United States;Northern America;"Cell Press";"2012-2026";"Drug Discovery (Q1); Molecular Medicine (Q1)";"Biochemistry, Genetics and Molecular Biology; Pharmacology, Toxicology and Pharmaceutics"
11;21100857212;"Current Opinion in Systems Biology";journal;"24523100";"Elsevier Ltd";No;No;1,676;Q1;43;21;140;1378;463;131;3,29;65,62;33,33;0;United Kingdom;Western Europe;"Elsevier Ltd";"2017-2025";"Applied Mathematics (Q1); Biochemistry, Genetics and Molecular Biology (miscellaneous) (Q1); Computer Science Applications (Q1); Drug Discovery (Q1); Modeling and Simulation (Q1)";"Biochemistry, Genetics and Molecular Biology; Computer Science; Mathematics; Pharmacology, Toxicology and Pharmaceutics"
12;21196;"Drug Discovery Today";journal;"18785832, 13596446";"Elsevier Ltd";No;No;1,586;Q1;235;286;815;23022;6280;773;7,44;80,50;40,45;12;United Kingdom;Western Europe;"Elsevier Ltd";"1996-2026";"Drug Discovery (Q1); Pharmacology (Q1)";"Pharmacology, Toxicology and Pharmaceutics"
13;19958;"Archives of Pharmacal Research";journal;"19763786, 02536269";"Pharmaceutical Society of Korea";No;No;1,481;Q1;118;52;226;4666;1620;226;7,31;89,73;42,40;0;South Korea;Asiatic Region;"Pharmaceutical Society of Korea";"1978-2026";"Drug Discovery (Q1); Molecular Medicine (Q1); Organic Chemistry (Q1)";"Biochemistry, Genetics and Molecular Biology; Chemistry; Pharmacology, Toxicology and Pharmaceutics"
14;21354;"Expert Opinion on Therapeutic Targets";journal;"14728222, 17447631";"Taylor and Francis Ltd.";No;No;1,423;Q1;120;98;273;11356;1288;244;3,98;115,88;37,05;0;United Kingdom;Western Europe;"Taylor and Francis Ltd.";"1997-2026";"Clinical Biochemistry (Q1); Drug Discovery (Q1); Molecular Medicine (Q1); Pharmacology (Q1)";"Biochemistry, Genetics and Molecular Biology; Pharmacology, Toxicology and Pharmaceutics"
15;15984;"Journal of Molecular Medicine";journal;"09462716, 14321440";"Springer Science and Business Media Deutschland GmbH";No;No;1,422;Q1;167;110;389;8633;1855;376;4,71;78,48;47,32;1;Germany;Western Europe;"Springer Science and Business Media Deutschland GmbH";"1976-1978, 1980-1981, 1995-2026";"Drug Discovery (Q1); Genetics (clinical) (Q1); Molecular Medicine (Q1)";"Biochemistry, Genetics and Molecular Biology; Medicine; Pharmacology, Toxicology and Pharmaceutics"
16;20783;"Expert Review of Vaccines";journal;"14760584, 17448395";"Taylor and Francis Ltd.";Yes;No;1,412;Q1;117;109;409;7879;2095;364;5,28;72,28;44,12;18;United Kingdom;Western Europe;"Taylor and Francis Ltd.";"2002-2026";"Drug Discovery (Q1); Immunology (Q1); Molecular Medicine (Q1); Pharmacology (Q1)";"Biochemistry, Genetics and Molecular Biology; Immunology and Microbiology; Pharmacology, Toxicology and Pharmaceutics"
17;19700201201;"EPMA Journal";journal;"18785077, 18785085";"Springer Science and Business Media Deutschland GmbH";Yes;No;1,370;Q1;64;41;114;3583;813;111;7,15;87,39;43,01;0;Germany;Western Europe;"Springer Science and Business Media Deutschland GmbH";"2010-2026";"Biochemistry (medical) (Q1); Drug Discovery (Q1); Health Policy (Q1)";"Medicine; Pharmacology, Toxicology and Pharmaceutics"
18;21353;"Expert Opinion on Therapeutic Patents";journal;"13543776, 17447674";"Taylor and Francis Ltd.";No;No;1,291;Q1;98;52;208;5718;1279;203;5,78;109,96;43,60;1;United Kingdom;Western Europe;"Taylor and Francis Ltd.";"1991-2026";"Drug Discovery (Q1); Medicine (miscellaneous) (Q1); Pharmacology (Q1)";"Medicine; Pharmacology, Toxicology and Pharmaceutics"
19;7700153108;"International Journal of Nanomedicine";journal;"11782013, 11769114";"Dove Medical Press Ltd";Yes;No;1,273;Q1;209;434;1538;33611;12781;1533;6,79;77,44;43,69;0;New Zealand;Pacific Region;"Dove Medical Press Ltd";"2006-2026";"Bioengineering (Q1); Biomaterials (Q1); Biophysics (Q1); Drug Discovery (Q1); Medicine (miscellaneous) (Q1); Nanoscience and Nanotechnology (Q1); Organic Chemistry (Q1); Pharmaceutical Science (Q1)";"Biochemistry, Genetics and Molecular Biology; Chemical Engineering; Chemistry; Materials Science; Medicine; Pharmacology, Toxicology and Pharmaceutics"
20;17067;"Phytomedicine";journal;"09447113, 1618095X";"Elsevier GmbH";No;No;1,267;Q1;160;613;1314;37048;9266;1311;6,90;60,44;45,06;2;Germany;Western Europe;"Elsevier GmbH";"1994-2026";"Complementary and Alternative Medicine (Q1); Drug Discovery (Q1); Molecular Medicine (Q1); Pharmaceutical Science (Q1); Pharmacology (Q1)";"Biochemistry, Genetics and Molecular Biology; Medicine; Pharmacology, Toxicology and Pharmaceutics"
21;19900193739;"Nucleic Acid Therapeutics";journal;"21593345, 21593337";"Mary Ann Liebert Inc.";No;No;1,252;Q1;85;33;125;1583;514;122;4,10;47,97;38,46;1;United States;Northern America;"Mary Ann Liebert Inc.";"2011-2025";"Biochemistry (Q1); Drug Discovery (Q1); Genetics (Q1); Molecular Medicine (Q1); Molecular Biology (Q2)";"Biochemistry, Genetics and Molecular Biology; Pharmacology, Toxicology and Pharmaceutics"
22;21100875801;"npj Systems Biology and Applications";journal;"20567189";"Nature Publishing Group";Yes;No;1,248;Q1;43;61;126;3945;469;125;3,72;64,67;32,92;2;United Kingdom;Western Europe;"Nature Publishing Group";"2015-2026";"Applied Mathematics (Q1); Biochemistry, Genetics and Molecular Biology (miscellaneous) (Q1); Computer Science Applications (Q1); Drug Discovery (Q1); Modeling and Simulation (Q1)";"Biochemistry, Genetics and Molecular Biology; Computer Science; Mathematics; Pharmacology, Toxicology and Pharmaceutics"
23;21207;"Drug Discovery Today: Technologies";journal;"17406749";"Elsevier Ltd";No;No;1,241;Q1;71;0;53;0;315;48;3,67;0,00;0,00;0;United Kingdom;Western Europe;"Elsevier Ltd";"2004-2021";"Biotechnology (Q1); Drug Discovery (Q1); Molecular Medicine (Q1)";"Biochemistry, Genetics and Molecular Biology; Pharmacology, Toxicology and Pharmaceutics"
24;20681;"Current Opinion in Pharmacology";journal;"14714973, 14714892";"Elsevier Ltd";No;No;1,203;Q1;157;45;362;3026;1435;335;4,08;67,24;47,24;0;United Kingdom;Western Europe;"Elsevier Ltd";"2001-2026";"Drug Discovery (Q1); Pharmacology (Q1)";"Pharmacology, Toxicology and Pharmaceutics"
25;21100335701;"Vaccines";journal;"2076393X";"Multidisciplinary Digital Publishing Institute (MDPI)";Yes;No;1,201;Q1;111;1850;4453;104962;23312;4366;5,44;56,74;47,06;164;Switzerland;Western Europe;"Multidisciplinary Digital Publishing Institute (MDPI)";"2013-2026";"Drug Discovery (Q1); Infectious Diseases (Q1); Pharmacology (Q1); Pharmacology (medical) (Q1); Immunology (Q2)";"Immunology and Microbiology; Medicine; Pharmacology, Toxicology and Pharmaceutics"
26;145164;"Human Genomics";journal;"14739542, 14797364";"BioMed Central Ltd";Yes;No;1,199;Q1;78;113;184;6418;684;174;3,55;56,80;49,33;2;United Kingdom;Western Europe;"BioMed Central Ltd";"2003-2006, 2008-2026";"Drug Discovery (Q1); Genetics (Q2); Molecular Biology (Q2); Molecular Medicine (Q2)";"Biochemistry, Genetics and Molecular Biology; Pharmacology, Toxicology and Pharmaceutics"
27;17464;"European Journal of Medicinal Chemistry";journal;"02235234, 17683254";"Elsevier Masson s.r.l.";No;No;1,151;Q1;225;854;2499;60003;16441;2495;6,35;70,26;42,99;3;France;Western Europe;"Elsevier Masson s.r.l.";"1974-2026";"Drug Discovery (Q1); Medicine (miscellaneous) (Q1); Organic Chemistry (Q1); Pharmacology (Q1)";"Chemistry; Medicine; Pharmacology, Toxicology and Pharmaceutics"
28;21100853016;"Antibodies";journal;"20734468";"Multidisciplinary Digital Publishing Institute (MDPI)";Yes;No;1,115;Q1;50;82;196;5606;883;192;3,17;68,37;47,35;2;Switzerland;Western Europe;"Multidisciplinary Digital Publishing Institute (MDPI)";"2012-2025";"Drug Discovery (Q1); Immunology (Q2); Immunology and Allergy (Q2)";"Immunology and Microbiology; Medicine; Pharmacology, Toxicology and Pharmaceutics"
29;13250;"Expert Opinion on Biological Therapy";journal;"14712598, 17447682";"Taylor and Francis Ltd.";No;No;1,104;Q1;112;127;441;8553;1773;396;3,72;67,35;40,83;2;United Kingdom;Western Europe;"Taylor and Francis Ltd.";"2001-2026";"Clinical Biochemistry (Q1); Drug Discovery (Q1); Pharmacology (Q1)";"Biochemistry, Genetics and Molecular Biology; Pharmacology, Toxicology and Pharmaceutics"
30;6800153101;"Expert Opinion on Drug Discovery";journal;"1746045X, 17460441";"Taylor and Francis Ltd.";No;No;1,077;Q1;99;108;345;10997;1968;285;5,67;101,82;39,07;0;United Kingdom;Western Europe;"Taylor and Francis Ltd.";"2006-2026";"Drug Discovery (Q1)";"Pharmacology, Toxicology and Pharmaceutics"
31;19900192116;"Journal of Pharmaceutical Analysis";journal;"20951779";"Xi'an Jiaotong University";Yes;No;1,068;Q1;69;121;246;9301;1851;244;6,10;76,87;42,42;0;China;Asiatic Region;"Xi'an Jiaotong University";"2011-2026";"Analytical Chemistry (Q1); Drug Discovery (Q1); Electrochemistry (Q1); Pharmaceutical Science (Q1); Pharmacy (Q1); Spectroscopy (Q1)";"Chemistry; Health Professions; Pharmacology, Toxicology and Pharmaceutics"
32;21101097345;"ACS Bio and Med Chem Au";journal;"26942437";"American Chemical Society";Yes;No;1,036;Q1;21;43;62;2819;246;58;3,97;65,56;38,85;1;United States;Northern America;"American Chemical Society";"2021-2026";"Biochemistry (Q1); Drug Discovery (Q1); Pharmaceutical Science (Q1); Molecular Biology (Q2)";"Biochemistry, Genetics and Molecular Biology; Pharmacology, Toxicology and Pharmaceutics"
33;19700175230;"Drug Design, Development and Therapy";journal;"11778881";"Dove Medical Press Ltd";Yes;No;0,999;Q1;121;268;1126;13513;5860;1121;4,99;50,42;45,49;0;New Zealand;Pacific Region;"Dove Medical Press Ltd";"2007-2026";"Drug Discovery (Q1); Pharmaceutical Science (Q1); Pharmacology (Q1)";"Pharmacology, Toxicology and Pharmaceutics"
34;17605;"Journal of Enzyme Inhibition and Medicinal Chemistry";journal;"14756374, 14756366";"Taylor and Francis Ltd.";Yes;No;0,949;Q1;103;211;572;12335;3325;572;5,81;58,46;43,31;1;United Kingdom;Western Europe;"Taylor and Francis Ltd.";"1985-1996, 1998-1999, 2002-2026";"Drug Discovery (Q1); Medicine (miscellaneous) (Q1); Pharmacology (Q1)";"Medicine; Pharmacology, Toxicology and Pharmaceutics"
35;130126;"Molecular Pharmaceutics";journal;"15438384, 15438392";"American Chemical Society";No;No;0,940;Q1;172;529;1176;30802;5750;1148;4,80;58,23;39,53;1;United States;Northern America;"American Chemical Society";"2004-2026";"Drug Discovery (Q1); Pharmaceutical Science (Q1); Molecular Medicine (Q2)";"Biochemistry, Genetics and Molecular Biology; Pharmacology, Toxicology and Pharmaceutics"
36;23015;"Journal of Ethnopharmacology";journal;"03788741, 18727573";"Elsevier Ireland Ltd";No;No;0,936;Q1;254;962;2911;60945;16529;2909;5,49;63,35;47,09;10;Ireland;Western Europe;"Elsevier Ireland Ltd";"1979-2026";"Drug Discovery (Q1); Pharmacology (Q1)";"Pharmacology, Toxicology and Pharmaceutics"
37;19700177127;"ACS Medicinal Chemistry Letters";journal;"19485875";"American Chemical Society";No;No;0,883;Q1;101;295;890;7762;3083;826;3,13;26,31;36,72;0;United States;Northern America;"American Chemical Society";"2010-2026";"Drug Discovery (Q1); Organic Chemistry (Q1); Biochemistry (Q2)";"Biochemistry, Genetics and Molecular Biology; Chemistry; Pharmacology, Toxicology and Pharmaceutics"
38;144790;"Marine Drugs";journal;"16603397";"Multidisciplinary Digital Publishing Institute (MDPI)";Yes;No;0,880;Q1;188;645;2161;47974;12511;2125;5,26;74,38;47,19;15;Switzerland;Western Europe;"Multidisciplinary Digital Publishing Institute (MDPI)";"2003-2026";"Drug Discovery (Q1); Pharmaceutical Science (Q1); Pharmacology, Toxicology and Pharmaceutics (miscellaneous) (Q1)";"Pharmacology, Toxicology and Pharmaceutics"
39;19700170617;"EXCLI Journal";journal;"16112156";"Leibniz Research Centre for Working Environment and Human Factors";Yes;Yes;0,853;Q1;68;95;351;6048;1121;254;3,13;63,66;41,25;1;Germany;Western Europe;"Leibniz Research Centre for Working Environment and Human Factors";"2009-2026";"Animal Science and Zoology (Q1); Drug Discovery (Q1); Molecular Medicine (Q2); Pharmacology (Q2)";"Agricultural and Biological Sciences; Biochemistry, Genetics and Molecular Biology; Pharmacology, Toxicology and Pharmaceutics"
40;21100977423;"RSC Medicinal Chemistry";journal;"26328682";"Royal Society of Chemistry";No;No;0,850;Q2;87;199;420;14128;1695;414;4,04;70,99;39,57;0;United Kingdom;Western Europe;"Royal Society of Chemistry";"2020-2026";"Organic Chemistry (Q1); Pharmaceutical Science (Q1); Biochemistry (Q2); Drug Discovery (Q2); Molecular Medicine (Q2); Pharmacology (Q2)";"Biochemistry, Genetics and Molecular Biology; Chemistry; Pharmacology, Toxicology and Pharmaceutics"
41;17700156714;"Pharmaceuticals";journal;"14248247";"Multidisciplinary Digital Publishing Institute (MDPI)";Yes;No;0,845;Q2;120;1721;3370;131434;15736;3357;4,54;76,37;47,95;21;Switzerland;Western Europe;"Multidisciplinary Digital Publishing Institute (MDPI)";"2004, 2009-2026";"Pharmaceutical Science (Q1); Drug Discovery (Q2); Molecular Medicine (Q2)";"Biochemistry, Genetics and Molecular Biology; Pharmacology, Toxicology and Pharmaceutics"
42;18800156730;"Biomolecules and Therapeutics";journal;"19769148, 20054483";"Korean Society of Applied Pharmacology";No;No;0,843;Q2;66;72;204;3847;723;204;3,20;53,43;45,36;0;South Korea;Asiatic Region;"Korean Society of Applied Pharmacology";"2008-2026";"Biochemistry (Q2); Drug Discovery (Q2); Molecular Medicine (Q2); Pharmacology (Q2)";"Biochemistry, Genetics and Molecular Biology; Pharmacology, Toxicology and Pharmaceutics"
43;21101039878;"Medicine in Drug Discovery";journal;"25900986";"Elsevier B.V.";Yes;No;0,815;Q2;28;19;68;1838;325;65;4,79;96,74;45,83;0;Netherlands;Western Europe;"Elsevier B.V.";"2019-2026";"Drug Discovery (Q2); Pharmacology (Q2); Pharmacology (medical) (Q2)";"Medicine; Pharmacology, Toxicology and Pharmaceutics"
44;23053;"Journal of Natural Products";journal;"01633864, 15206025";"American Chemical Society";No;No;0,802;Q2;173;281;1064;11701;4787;1055;3,49;41,64;39,35;2;United States;Northern America;"American Chemical Society";"1949, 1971, 1973, 1978-2026";"Analytical Chemistry (Q1); Complementary and Alternative Medicine (Q1); Organic Chemistry (Q1); Pharmaceutical Science (Q1); Drug Discovery (Q2); Molecular Medicine (Q2); Pharmacology (Q2)";"Biochemistry, Genetics and Molecular Biology; Chemistry; Medicine; Pharmacology, Toxicology and Pharmaceutics"
45;59665;"Chinese Journal of Natural Medicines";journal;"18755364, 20956975";"China Pharmaceutical University";No;No;0,788;Q2;60;91;293;4341;1238;285;4,01;47,70;45,00;0;China;Asiatic Region;"China Pharmaceutical University";"2004-2026";"Complementary and Alternative Medicine (Q1); Drug Discovery (Q2); Medicine (miscellaneous) (Q2)";"Medicine; Pharmacology, Toxicology and Pharmaceutics"
46;4400151608;"ChemMedChem";journal;"18607187, 18607179";"John Wiley and Sons Ltd";No;No;0,761;Q2;130;209;852;11690;3039;841;3,59;55,93;41,22;0;United Kingdom;Western Europe;"John Wiley and Sons Ltd";"2006-2026";"Organic Chemistry (Q1); Pharmacology, Toxicology and Pharmaceutics (miscellaneous) (Q1); Biochemistry (Q2); Drug Discovery (Q2); Molecular Medicine (Q2); Pharmacology (Q2)";"Biochemistry, Genetics and Molecular Biology; Chemistry; Pharmacology, Toxicology and Pharmaceutics"
47;23488;"Current Medicinal Chemistry";journal;"09298673, 1875533X";"Bentham Science Publishers";No;No;0,759;Q2;218;229;1117;25841;4183;1046;3,59;112,84;45,16;1;United Arab Emirates;Middle East;"Bentham Science Publishers";"1994-2026";"Organic Chemistry (Q1); Biochemistry (Q2); Drug Discovery (Q2); Molecular Medicine (Q2); Pharmacology (Q2)";"Biochemistry, Genetics and Molecular Biology; Chemistry; Pharmacology, Toxicology and Pharmaceutics"
48;21082;"Pharmaceutical Biology";journal;"13880209, 17445116";"Taylor and Francis Ltd.";Yes;No;0,754;Q2;103;134;526;6483;2190;524;4,10;48,38;45,82;0;United Kingdom;Western Europe;"Taylor and Francis Ltd.";"1961-1972, 1975-2026";"Complementary and Alternative Medicine (Q1); Pharmaceutical Science (Q1); Drug Discovery (Q2); Medicine (miscellaneous) (Q2); Molecular Medicine (Q2); Pharmacology (Q2)";"Biochemistry, Genetics and Molecular Biology; Medicine; Pharmacology, Toxicology and Pharmaceutics"
49;25789;"Bioorganic Chemistry";journal;"00452068, 10902120";"Academic Press Inc.";No;No;0,745;Q2;106;607;2558;34095;12501;2555;4,64;56,17;43,16;0;United States;Northern America;"Academic Press Inc.";"1971-2026";"Organic Chemistry (Q1); Biochemistry (Q2); Drug Discovery (Q2); Molecular Biology (Q3)";"Biochemistry, Genetics and Molecular Biology; Chemistry; Pharmacology, Toxicology and Pharmaceutics"
50;26370;"Molecules";journal;"14203049";"Multidisciplinary Digital Publishing Institute (MDPI)";Yes;No;0,744;Q2;296;8128;22823;523764;110822;22665;4,45;64,44;44,62;51;Switzerland;Western Europe;"Multidisciplinary Digital Publishing Institute (MDPI)";"1996-2026";"Analytical Chemistry (Q1); Chemistry (miscellaneous) (Q1); Pharmaceutical Science (Q1); Drug Discovery (Q2); Medicine (miscellaneous) (Q2); Organic Chemistry (Q2); Physical and Theoretical Chemistry (Q2); Molecular Medicine (Q3)";"Biochemistry, Genetics and Molecular Biology; Chemistry; Medicine; Pharmacology, Toxicology and Pharmaceutics"
51;21101064702;"Therapeutic Advances in Vaccines and Immunotherapy";journal;"25151355, 25151363";"SAGE Publications Ltd";Yes;Yes;0,726;Q2;20;18;47;751;163;41;3,81;41,72;37,04;2;United Kingdom;Western Europe;"SAGE Publications Ltd";"2017-2026";"Drug Discovery (Q2); Oncology (Q2); Pharmacology (medical) (Q2); Immunology (Q3); Immunology and Allergy (Q3)";"Immunology and Microbiology; Medicine; Pharmacology, Toxicology and Pharmaceutics"
52;4700152848;"PPAR Research";journal;"16874757, 16874765";"John Wiley and Sons Ltd";Yes;No;0,698;Q2;65;15;68;877;193;68;3,15;58,47;36,90;0;United Kingdom;Western Europe;"John Wiley and Sons Ltd";"2006-2026";"Drug Discovery (Q2); Pharmacology (medical) (Q2)";"Medicine; Pharmacology, Toxicology and Pharmaceutics"
53;20664;"Current Drug Targets";journal;"18735592, 13894501";"Bentham Science Publishers";No;No;0,691;Q2;129;97;390;10001;1229;368;3,01;103,10;43,42;0;United Arab Emirates;Middle East;"Bentham Science Publishers";"2000-2026";"Clinical Biochemistry (Q2); Drug Discovery (Q2); Pharmacology (Q2); Molecular Medicine (Q3)";"Biochemistry, Genetics and Molecular Biology; Pharmacology, Toxicology and Pharmaceutics"
54;20010;"Journal of Natural Medicines";journal;"18610293, 13403443";"Springer";No;No;0,685;Q2;65;92;285;2858;1005;263;2,76;31,07;36,13;2;Japan;Asiatic Region;"Springer";"1994-2026";"Complementary and Alternative Medicine (Q1); Drug Discovery (Q2); Organic Chemistry (Q2); Pharmaceutical Science (Q2); Molecular Medicine (Q3)";"Biochemistry, Genetics and Molecular Biology; Chemistry; Medicine; Pharmacology, Toxicology and Pharmaceutics"
55;18922;"Journal of Gene Medicine";journal;"1099498X, 15212254";"John Wiley and Sons Ltd";No;No;0,679;Q2;104;99;263;4551;843;260;3,53;45,97;39,51;0;United States;Northern America;"John Wiley and Sons Ltd";"1998-2026";"Drug Discovery (Q2); Genetics (Q3); Genetics (clinical) (Q3); Molecular Biology (Q3); Molecular Medicine (Q3)";"Biochemistry, Genetics and Molecular Biology; Medicine; Pharmacology, Toxicology and Pharmaceutics"
56;22072;"Current Gene Therapy";journal;"18755631, 15665232";"Bentham Science Publishers";No;No;0,674;Q2;85;33;114;3190;355;106;3,37;96,67;39,58;0;United Arab Emirates;Middle East;"Bentham Science Publishers";"2001-2025";"Drug Discovery (Q2); Genetics (Q3); Genetics (clinical) (Q3); Molecular Biology (Q3); Molecular Medicine (Q3)";"Biochemistry, Genetics and Molecular Biology; Medicine; Pharmacology, Toxicology and Pharmaceutics"
57;21192;"Drug Development Research";journal;"02724391, 10982299";"John Wiley &amp; Sons Inc.";No;No;0,672;Q2;76;111;371;6781;1382;345;3,67;61,09;40,86;1;United States;Northern America;"John Wiley &amp; Sons Inc.";"1981-2026";"Drug Discovery (Q2)";"Pharmacology, Toxicology and Pharmaceutics"
58;144963;"Drug Discovery Today: Disease Models";journal;"17406757";"Elsevier Ltd";No;No;0,665;Q2;37;0;23;0;62;20;0,00;0,00;0,00;0;United Kingdom;Western Europe;"Elsevier Ltd";"2004-2020";"Drug Discovery (Q2); Molecular Medicine (Q3)";"Biochemistry, Genetics and Molecular Biology; Pharmacology, Toxicology and Pharmaceutics"
59;20570;"Chemotherapy";journal;"00093157, 14219794";"S. Karger AG";No;No;0,663;Q2;64;37;97;1216;224;92;1,91;32,86;41,46;0;Switzerland;Western Europe;"S. Karger AG";"1960-2025";"Drug Discovery (Q2); Infectious Diseases (Q2); Medicine (miscellaneous) (Q2); Pharmacology (Q2); Pharmacology (medical) (Q2); Oncology (Q3)";"Medicine; Pharmacology, Toxicology and Pharmaceutics"
60;29311;"Current Cancer Drug Targets";journal;"15680096, 18735576";"Bentham Science Publishers";No;No;0,650;Q2;109;76;216;5127;616;211;2,32;67,46;40,37;0;United Arab Emirates;Middle East;"Bentham Science Publishers";"2001-2026";"Drug Discovery (Q2); Pharmacology (Q2); Cancer Research (Q3); Oncology (Q3)";"Biochemistry, Genetics and Molecular Biology; Medicine; Pharmacology, Toxicology and Pharmaceutics"
61;19956;"Archiv der Pharmazie";journal;"15214184, 03656233";"Wiley-VCH Verlag";No;No;0,642;Q2;80;159;414;9704;2021;411;4,62;61,03;43,56;1;Germany;Western Europe;"Wiley-VCH Verlag";"1822-1831, 1835-1933, 1937-1938, 1940, 1943-1944, 1950-2026";"Drug Discovery (Q2); Pharmaceutical Science (Q2)";"Pharmacology, Toxicology and Pharmaceutics"
62;20710;"DARU, Journal of Pharmaceutical Sciences";journal;"15608115, 20082231";"Springer Science and Business Media Deutschland GmbH";Yes;No;0,625;Q2;68;23;149;1009;581;146;2,75;43,87;48,51;0;Germany;Western Europe;"Springer Science and Business Media Deutschland GmbH";"2000-2026";"Drug Discovery (Q2); Medicine (miscellaneous) (Q2); Pharmacology (Q2)";"Medicine; Pharmacology, Toxicology and Pharmaceutics"
63;21100793213;"Current Pharmacology Reports";journal;"2198641X";"Springer Science and Business Media Deutschland GmbH";No;No;0,624;Q2;43;40;95;4209;419;92;3,82;105,23;44,53;0;Switzerland;Western Europe;"Springer Science and Business Media Deutschland GmbH";"2015-2026";"Biochemistry (Q2); Drug Discovery (Q2); Pharmacology (Q2); Genetics (Q3)";"Biochemistry, Genetics and Molecular Biology; Pharmacology, Toxicology and Pharmaceutics"
64;25786;"Bioorganic and Medicinal Chemistry";journal;"14643391, 09680896";"Elsevier Ltd";No;No;0,614;Q2;198;247;1202;12412;3994;1196;3,28;50,25;40,91;1;United Kingdom;Western Europe;"Elsevier Ltd";"1993-2026";"Clinical Biochemistry (Q2); Drug Discovery (Q2); Organic Chemistry (Q2); Pharmaceutical Science (Q2); Biochemistry (Q3); Molecular Biology (Q3); Molecular Medicine (Q3)";"Biochemistry, Genetics and Molecular Biology; Chemistry; Pharmacology, Toxicology and Pharmaceutics"
65;15462;"Biotechnology and Applied Biochemistry";journal;"14708744, 08854513";"Wiley-Blackwell";No;No;0,610;Q2;89;171;485;9481;1783;479;3,74;55,44;39,79;0;United States;Northern America;"Wiley-Blackwell";"1986-2026";"Applied Microbiology and Biotechnology (Q2); Biomedical Engineering (Q2); Biotechnology (Q2); Drug Discovery (Q2); Medicine (miscellaneous) (Q2); Process Chemistry and Technology (Q2); Bioengineering (Q3); Molecular Medicine (Q3)";"Biochemistry, Genetics and Molecular Biology; Chemical Engineering; Engineering; Immunology and Microbiology; Medicine; Pharmacology, Toxicology and Pharmaceutics"
66;24619;"Journal of Computer-Aided Molecular Design";journal;"15734951, 0920654X";"Springer Science and Business Media Deutschland GmbH";No;No;0,609;Q2;126;49;237;2930;850;230;3,28;59,80;35,32;0;Germany;Western Europe;"Springer Science and Business Media Deutschland GmbH";"1987-2026";"Computer Science Applications (Q2); Drug Discovery (Q2); Physical and Theoretical Chemistry (Q2)";"Chemistry; Computer Science; Pharmacology, Toxicology and Pharmaceutics"
67;24797;"Mini-Reviews in Medicinal Chemistry";journal;"18755607, 13895575";"Bentham Science Publishers";No;No;0,597;Q2;119;128;492;14236;1906;484;3,58;111,22;43,64;1;United Arab Emirates;Middle East;"Bentham Science Publishers";"2001-2026";"Drug Discovery (Q2); Medicine (miscellaneous) (Q2); Pharmacology (Q2); Cancer Research (Q3); Molecular Medicine (Q3)";"Biochemistry, Genetics and Molecular Biology; Medicine; Pharmacology, Toxicology and Pharmaceutics"
68;20682;"Current Pharmaceutical Design";journal;"13816128, 18734286";"Bentham Science Publishers";Yes;No;0,586;Q2;197;315;1277;27205;3500;1173;2,58;86,37;44,42;1;United Arab Emirates;Middle East;"Bentham Science Publishers";"1995-2026";"Drug Discovery (Q2); Pharmacology (Q2)";"Pharmacology, Toxicology and Pharmaceutics"
69;29053;"Molecular Diversity";journal;"1573501X, 13811991";"Springer Nature";No;No;0,585;Q2;71;175;469;10192;2065;467;4,58;58,24;36,25;0;Switzerland;Western Europe;"Springer Nature";"1995-1998, 2000, 2003-2026";"Drug Discovery (Q2); Information Systems (Q2); Inorganic Chemistry (Q2); Medicine (miscellaneous) (Q2); Organic Chemistry (Q2); Physical and Theoretical Chemistry (Q2); Catalysis (Q3); Molecular Biology (Q3)";"Biochemistry, Genetics and Molecular Biology; Chemical Engineering; Chemistry; Computer Science; Medicine; Pharmacology, Toxicology and Pharmaceutics"
70;23061;"Journal of Pharmaceutical and Biomedical Analysis";journal;"07317085, 1873264X";"Elsevier B.V.";No;No;0,584;Q2;160;565;1866;22346;6587;1853;3,39;39,55;45,88;1;Netherlands;Western Europe;"Elsevier B.V.";"1983-2026";"Analytical Chemistry (Q2); Clinical Biochemistry (Q2); Drug Discovery (Q2); Pharmaceutical Science (Q2); Spectroscopy (Q2)";"Biochemistry, Genetics and Molecular Biology; Chemistry; Pharmacology, Toxicology and Pharmaceutics"
71;21100366771;"Journal of Applied Research on Medicinal and Aromatic Plants";journal;"22147861";"Elsevier GmbH";No;No;0,580;Q2;47;80;204;4487;920;204;4,29;56,09;41,08;2;Germany;Western Europe;"Elsevier GmbH";"2014-2026";"Drug Discovery (Q2); Plant Science (Q2)";"Agricultural and Biological Sciences; Pharmacology, Toxicology and Pharmaceutics"
72;4000150314;"Chemical Biology and Drug Design";journal;"17470285, 17470277";"John Wiley and Sons Inc";No;No;0,579;Q2;102;229;430;12367;1476;416;3,79;54,00;42,62;0;United Kingdom;Western Europe;"John Wiley and Sons Inc";"2006-2026";"Drug Discovery (Q2); Organic Chemistry (Q2); Pharmacology (Q2); Biochemistry (Q3); Molecular Medicine (Q3)";"Biochemistry, Genetics and Molecular Biology; Chemistry; Pharmacology, Toxicology and Pharmaceutics"
73;18077;"Fitoterapia";journal;"0367326X, 18736971";"Elsevier B.V.";No;No;0,572;Q2;134;269;666;11843;2182;666;2,77;44,03;42,91;0;Netherlands;Western Europe;"Elsevier B.V.";"1948-1949, 1961, 1972-2026";"Drug Discovery (Q2); Medicine (miscellaneous) (Q2); Pharmacology (Q3)";"Medicine; Pharmacology, Toxicology and Pharmaceutics"
74;19374;"AAPS PharmSciTech";journal;"15309932";"Springer Science and Business Media Deutschland GmbH";Yes;No;0,561;Q2;130;242;850;14780;3170;842;3,52;61,07;38,32;1;Switzerland;Western Europe;"Springer Science and Business Media Deutschland GmbH";"2000-2026";"Agronomy and Crop Science (Q2); Aquatic Science (Q2); Drug Discovery (Q2); Ecology (Q2); Ecology, Evolution, Behavior and Systematics (Q2); Medicine (miscellaneous) (Q2); Pharmaceutical Science (Q2)";"Agricultural and Biological Sciences; Environmental Science; Medicine; Pharmacology, Toxicology and Pharmaceutics"
75;19700174974;"Future Medicinal Chemistry";journal;"17568919, 17568927";"Taylor and Francis Ltd.";No;No;0,561;Q2;106;149;457;8485;1348;408;2,56;56,95;41,78;0;United Kingdom;Western Europe;"Taylor and Francis Ltd.";"2009-2026";"Drug Discovery (Q2); Molecular Medicine (Q3); Pharmacology (Q3)";"Biochemistry, Genetics and Molecular Biology; Pharmacology, Toxicology and Pharmaceutics"
76;24074;"Helvetica Chimica Acta";journal;"0018019X, 15222675";"Wiley-Blackwell";No;No;0,557;Q2;91;117;189;5814;326;184;1,60;49,69;29,23;1;United States;Northern America;"Wiley-Blackwell";"1918-2026";"Drug Discovery (Q2); Inorganic Chemistry (Q2); Organic Chemistry (Q2); Physical and Theoretical Chemistry (Q2); Biochemistry (Q3); Catalysis (Q3)";"Biochemistry, Genetics and Molecular Biology; Chemical Engineering; Chemistry; Pharmacology, Toxicology and Pharmaceutics"
77;26568;"International Journal of Cosmetic Science";journal;"01425463, 14682494";"Wiley-Blackwell Publishing Ltd";No;No;0,552;Q2;88;82;212;3731;609;202;2,83;45,50;52,43;1;United Kingdom;Western Europe;"Wiley-Blackwell Publishing Ltd";"1979-2026";"Chemistry (miscellaneous) (Q2); Colloid and Surface Chemistry (Q2); Dermatology (Q2); Drug Discovery (Q2); Pharmaceutical Science (Q2); Aging (Q4)";"Biochemistry, Genetics and Molecular Biology; Chemical Engineering; Chemistry; Medicine; Pharmacology, Toxicology and Pharmaceutics"
78;19900192900;"Molecular Informatics";journal;"18681751, 18681743";"John Wiley and Sons Inc";No;No;0,550;Q2;81;53;172;2659;520;167;2,87;50,17;34,65;1;Germany;Western Europe;"John Wiley and Sons Inc";"2010-2026";"Computer Science Applications (Q2); Drug Discovery (Q2); Organic Chemistry (Q2); Molecular Medicine (Q3); Structural Biology (Q3)";"Biochemistry, Genetics and Molecular Biology; Chemistry; Computer Science; Pharmacology, Toxicology and Pharmaceutics"
79;12331;"Current Topics in Medicinal Chemistry";journal;"15680266, 18734294";"Bentham Science Publishers";No;No;0,549;Q3;143;177;640;18576;1707;515;2,47;104,95;40,81;0;United Arab Emirates;Middle East;"Bentham Science Publishers";"2001-2026";"Medicine (miscellaneous) (Q2); Drug Discovery (Q3)";"Medicine; Pharmacology, Toxicology and Pharmaceutics"
80;15840;"Journal of Antibiotics";journal;"00218820, 18811469";"Springer Nature";No;No;0,546;Q3;99;83;318;2585;961;307;2,42;31,14;32,87;1;United Kingdom;Western Europe;"Springer Nature";"1953-2026";"Drug Discovery (Q3); Pharmacology (Q3)";"Pharmacology, Toxicology and Pharmaceutics"
81;19600166302;"Current Molecular Pharmacology";journal;"18744702, 18744672";"KeAi Communications Co.";No;No;0,540;Q3;54;72;209;6446;515;199;2,41;89,53;43,97;0;United Arab Emirates;Middle East;"KeAi Communications Co.";"2008-2025";"Drug Discovery (Q3); Molecular Medicine (Q3); Pharmacology (Q3)";"Biochemistry, Genetics and Molecular Biology; Pharmacology, Toxicology and Pharmaceutics"
82;5800173385;"Recent Patents on Anti-Cancer Drug Discovery";journal;"15748928, 22123970";"Bentham Science Publishers";No;No;0,540;Q3;55;41;103;3859;255;100;2,53;94,12;47,67;0;United Arab Emirates;Middle East;"Bentham Science Publishers";"2006-2026";"Medicine (miscellaneous) (Q2); Cancer Research (Q3); Drug Discovery (Q3); Oncology (Q3); Pharmacology (medical) (Q3)";"Biochemistry, Genetics and Molecular Biology; Medicine; Pharmacology, Toxicology and Pharmaceutics"
83;25788;"Bioorganic and Medicinal Chemistry Letters";journal;"14643405, 0960894X";"Elsevier Ltd";No;No;0,508;Q3;177;306;1560;10187;4142;1560;2,56;33,29;36,15;0;United Kingdom;Western Europe;"Elsevier Ltd";"1991-2026";"Organic Chemistry (Q2); Pharmaceutical Science (Q2); Biochemistry (Q3); Clinical Biochemistry (Q3); Drug Discovery (Q3); Molecular Biology (Q3); Molecular Medicine (Q3)";"Biochemistry, Genetics and Molecular Biology; Chemistry; Pharmacology, Toxicology and Pharmaceutics"
84;16533;"Phytochemical Analysis";journal;"09580344, 10991565";"John Wiley and Sons Ltd";No;No;0,508;Q3;91;80;288;3592;938;287;2,98;44,90;44,52;2;United Kingdom;Western Europe;"John Wiley and Sons Ltd";"1990-2026";"Complementary and Alternative Medicine (Q1); Analytical Chemistry (Q2); Food Science (Q2); Plant Science (Q2); Biochemistry (Q3); Drug Discovery (Q3); Medicine (miscellaneous) (Q3); Molecular Medicine (Q3)";"Agricultural and Biological Sciences; Biochemistry, Genetics and Molecular Biology; Chemistry; Medicine; Pharmacology, Toxicology and Pharmaceutics"
85;19700174628;"Iranian Journal of Basic Medical Sciences";journal;"20083874, 20083866";"Mashhad University of Medical Sciences";Yes;No;0,484;Q3;67;167;608;8734;1452;605;2,22;52,30;44,61;0;Iran;Middle East;"Mashhad University of Medical Sciences";"2007-2025";"Biochemistry (Q3); Biophysics (Q3); Clinical Biochemistry (Q3); Drug Discovery (Q3); Immunology and Microbiology (miscellaneous)  (Q3)";"Biochemistry, Genetics and Molecular Biology; Immunology and Microbiology; Pharmacology, Toxicology and Pharmaceutics"
86;11300153402;"Biomarkers in Medicine";journal;"17520363, 17520371";"Taylor and Francis Ltd.";No;No;0,481;Q3;62;91;431;3625;801;414;1,73;39,84;38,49;0;United Kingdom;Western Europe;"Taylor and Francis Ltd.";"2008-2026";"Biochemistry (medical) (Q3); Clinical Biochemistry (Q3); Drug Discovery (Q3)";"Biochemistry, Genetics and Molecular Biology; Medicine; Pharmacology, Toxicology and Pharmaceutics"
87;19700201141;"Journal of Ayurveda and Integrative Medicine";journal;"09759476, 09762809";"Elsevier B.V.";Yes;No;0,481;Q3;46;136;369;4484;945;337;2,16;32,97;38,69;1;Netherlands;Western Europe;"Elsevier B.V.";"2010-2026";"Complementary and Alternative Medicine (Q2); Drug Discovery (Q3)";"Medicine; Pharmacology, Toxicology and Pharmaceutics"
88;21190;"Drug Development and Industrial Pharmacy";journal;"03639045, 15205762";"Taylor and Francis Ltd.";No;No;0,475;Q3;111;72;451;3312;1391;451;2,30;46,00;46,74;0;United Kingdom;Western Europe;"Taylor and Francis Ltd.";"1974, 1976-2026";"Organic Chemistry (Q2); Pharmaceutical Science (Q2); Drug Discovery (Q3); Pharmacology (Q3)";"Chemistry; Pharmacology, Toxicology and Pharmaceutics"
89;21744;"Planta Medica";journal;"14390221, 00320943";"Georg Thieme Verlag";No;No;0,445;Q3;145;108;387;5115;984;377;2,19;47,36;45,90;0;Germany;Western Europe;"Georg Thieme Verlag";"1961, 1965-2026";"Analytical Chemistry (Q2); Complementary and Alternative Medicine (Q2); Pharmaceutical Science (Q2); Drug Discovery (Q3); Molecular Medicine (Q3); Organic Chemistry (Q3); Pharmacology (Q3)";"Biochemistry, Genetics and Molecular Biology; Chemistry; Medicine; Pharmacology, Toxicology and Pharmaceutics"
90;21101079251;"Recent Advances in Inflammation and Allergy Drug Discovery";journal;"27722716, 27722708";"Bentham Science Publishers";No;No;0,443;Q3;40;19;42;1111;93;35;1,00;58,47;34,21;0;United Arab Emirates;Middle East;"Bentham Science Publishers";"2021-2025";"Drug Discovery (Q3); Immunology and Allergy (Q3); Pharmacology (medical) (Q3)";"Medicine; Pharmacology, Toxicology and Pharmaceutics"
91;16948;"Chirality";journal;"1520636X, 08990042";"Wiley-Liss Inc.";No;No;0,438;Q3;87;87;326;4801;784;321;2,77;55,18;27,79;0;United States;Northern America;"Wiley-Liss Inc.";"1989-2026";"Analytical Chemistry (Q2); Catalysis (Q3); Drug Discovery (Q3); Organic Chemistry (Q3); Pharmacology (Q3); Spectroscopy (Q3)";"Chemical Engineering; Chemistry; Pharmacology, Toxicology and Pharmaceutics"
92;145580;"International Journal of Peptide Research and Therapeutics";journal;"15733149, 15733904";"Springer Science and Business Media B.V.";No;No;0,433;Q3;53;102;642;7228;1518;640;2,36;70,86;43,99;0;Netherlands;Western Europe;"Springer Science and Business Media B.V.";"1996-2002, 2005-2026";"Analytical Chemistry (Q3); Biochemistry (Q3); Bioengineering (Q3); Drug Discovery (Q3); Molecular Medicine (Q3)";"Biochemistry, Genetics and Molecular Biology; Chemical Engineering; Chemistry; Pharmacology, Toxicology and Pharmaceutics"
93;21101064701;"Avicenna Journal of Phytomedicine";journal;"22287949, 22287930";"Mashhad University of Medical Sciences";Yes;No;0,409;Q3;20;56;128;2644;307;125;2,38;47,21;39,56;0;Iran;Middle East;"Mashhad University of Medical Sciences";"2019-2025";"Complementary and Alternative Medicine (Q2); Drug Discovery (Q3)";"Medicine; Pharmacology, Toxicology and Pharmaceutics"
94;26512;"Tetrahedron";journal;"14645416, 00404020";"Elsevier Ltd";No;No;0,406;Q3;245;380;1378;19469;2835;1373;2,18;51,23;32,59;0;United Kingdom;Western Europe;"Elsevier Ltd";"1957-2026";"Biochemistry (Q3); Drug Discovery (Q3); Organic Chemistry (Q3)";"Biochemistry, Genetics and Molecular Biology; Chemistry; Pharmacology, Toxicology and Pharmaceutics"
95;22980;"Journal of Basic and Clinical Physiology and Pharmacology";journal;"21910286, 07926855";"Walter de Gruyter GmbH";No;No;0,399;Q3;49;93;367;3941;737;359;1,77;42,38;41,05;3;Germany;Western Europe;"Walter de Gruyter GmbH";"1985-1988, 1990-2026";"Drug Discovery (Q3); Medicine (miscellaneous) (Q3); Pharmacology (Q3); Physiology (Q4)";"Biochemistry, Genetics and Molecular Biology; Medicine; Pharmacology, Toxicology and Pharmaceutics"
96;17500155003;"Records of Natural Products";journal;"13076167";"ACG Publications";Yes;No;0,392;Q3;48;100;184;3912;426;183;2,39;39,12;45,84;0;Turkey;Middle East;"ACG Publications";"2008-2026";"Plant Science (Q2); Drug Discovery (Q3); Organic Chemistry (Q3); Pharmacology (Q3)";"Agricultural and Biological Sciences; Chemistry; Pharmacology, Toxicology and Pharmaceutics"
97;21100470510;"Drug Research";journal;"21949379, 21949387";"Georg Thieme Verlag";No;No;0,390;Q3;76;60;247;2468;447;240;1,75;41,13;44,68;0;Germany;Western Europe;"Georg Thieme Verlag";"1972, 2013-2026";"Drug Discovery (Q3); Medicine (miscellaneous) (Q3)";"Medicine; Pharmacology, Toxicology and Pharmaceutics"
98;21101133622;"Cancer Innovation";journal;"27709191, 27709183";"John Wiley and Sons Inc";Yes;No;0,389;Q3;13;49;27;2563;26;26;0,96;52,31;40,37;0;United States;Northern America;"John Wiley and Sons Inc";"2022-2026";"Pharmacology, Toxicology and Pharmaceutics (miscellaneous) (Q2); Drug Discovery (Q3); Oncology (Q3); Pharmacology (medical) (Q3); Cancer Research (Q4)";"Biochemistry, Genetics and Molecular Biology; Medicine; Pharmacology, Toxicology and Pharmaceutics"
99;5800228222;"Journal of Pharmaceutical Innovation";journal;"18725120, 19398042";"Springer";No;No;0,386;Q3;43;179;248;7638;621;234;2,49;42,67;39,10;0;United States;Northern America;"Springer";"2006-2026";"Pharmaceutical Science (Q2); Drug Discovery (Q3)";"Pharmacology, Toxicology and Pharmaceutics"
100;23942;"Biomedical Chromatography";journal;"10990801, 02693879";"John Wiley and Sons Ltd";No;No;0,384;Q3;76;235;769;7894;1502;766;1,94;33,59;44,64;0;United Kingdom;Western Europe;"John Wiley and Sons Ltd";"1986-1987, 1989-2026";"Analytical Chemistry (Q3); Biochemistry (Q3); Clinical Biochemistry (Q3); Drug Discovery (Q3); Medicine (miscellaneous) (Q3); Pharmacology (Q3); Molecular Biology (Q4)";"Biochemistry, Genetics and Molecular Biology; Chemistry; Medicine; Pharmacology, Toxicology and Pharmaceutics"
101;16803;"Antiviral Chemistry and Chemotherapy";journal;"20402066, 09563202";"SAGE Publications Inc.";Yes;No;0,369;Q3;62;2;29;41;61;28;0,80;20,50;0,00;0;United Kingdom;Western Europe;"SAGE Publications Inc.";"1990-2015, 2017-2023";"Drug Discovery (Q3); Medicine (miscellaneous) (Q3); Pharmacology (Q3); Virology (Q3)";"Immunology and Microbiology; Medicine; Pharmacology, Toxicology and Pharmaceutics"
102;25305;"SAR and QSAR in Environmental Research";journal;"1029046X, 1062936X";"Taylor and Francis Ltd.";No;No;0,359;Q3;58;49;147;2680;396;147;2,48;54,69;35,96;0;United Kingdom;Western Europe;"Taylor and Francis Ltd.";"1993-2025";"Bioengineering (Q3); Drug Discovery (Q3); Medicine (miscellaneous) (Q3); Molecular Medicine (Q4)";"Biochemistry, Genetics and Molecular Biology; Chemical Engineering; Medicine; Pharmacology, Toxicology and Pharmaceutics"
103;22769;"Chemical and Pharmaceutical Bulletin";journal;"00092363, 13475223";"Pharmaceutical Society of Japan";No;No;0,358;Q3;109;130;457;4189;803;447;1,52;32,22;28,36;0;Japan;Asiatic Region;"Pharmaceutical Society of Japan";"1958-2026";"Chemistry (miscellaneous) (Q3); Drug Discovery (Q3); Medicine (miscellaneous) (Q3)";"Chemistry; Medicine; Pharmacology, Toxicology and Pharmaceutics"
104;25898;"Journal of Peptide Science";journal;"10752617, 10991387";"John Wiley and Sons Ltd";No;No;0,352;Q3;78;65;164;3228;302;163;1,80;49,66;39,07;0;United Kingdom;Western Europe;"John Wiley and Sons Ltd";"1995-2026";"Biochemistry (Q3); Drug Discovery (Q3); Medicine (miscellaneous) (Q3); Organic Chemistry (Q3); Pharmacology (Q3); Molecular Biology (Q4); Molecular Medicine (Q4); Structural Biology (Q4)";"Biochemistry, Genetics and Molecular Biology; Chemistry; Medicine; Pharmacology, Toxicology and Pharmaceutics"
105;24097;"Journal of the Indian Chemical Society";journal;"00194522";"Elsevier B.V.";No;No;0,351;Q3;49;301;952;14935;2647;950;3,26;49,62;30,93;1;India;Asiatic Region;"Elsevier B.V.";"1973-1985, 1987-1991, 1996-2026";"Drug Discovery (Q3); Electrochemistry (Q3); Inorganic Chemistry (Q3); Organic Chemistry (Q3); Physical and Theoretical Chemistry (Q3)";"Chemistry; Pharmacology, Toxicology and Pharmaceutics"
106;21100318814;"Pharmaceutical Patent Analyst";journal;"20468954, 20468962";"Taylor and Francis Ltd.";No;No;0,351;Q3;23;27;66;1260;74;50;1,23;46,67;40,74;0;United Kingdom;Western Europe;"Taylor and Francis Ltd.";"2012-2024";"Pharmaceutical Science (Q2); Drug Discovery (Q3); Medicine (miscellaneous) (Q3)";"Medicine; Pharmacology, Toxicology and Pharmaceutics"
107;34545;"Journal of Asian Natural Products Research";journal;"10286020, 14772213";"Taylor and Francis Ltd.";No;No;0,339;Q3;56;134;394;2912;692;372;1,85;21,73;40,16;0;United Kingdom;Western Europe;"Taylor and Francis Ltd.";"1998-2026";"Complementary and Alternative Medicine (Q2); Analytical Chemistry (Q3); Drug Discovery (Q3); Medicine (miscellaneous) (Q3); Organic Chemistry (Q3); Pharmaceutical Science (Q3); Pharmacology (Q3); Molecular Medicine (Q4)";"Biochemistry, Genetics and Molecular Biology; Chemistry; Medicine; Pharmacology, Toxicology and Pharmaceutics"
108;4700152603;"Medicinal Chemistry";journal;"15734064, 18756638";"Bentham Science Publishers";No;No;0,337;Q3;54;69;271;5094;608;265;2,03;73,83;40,51;0;United Arab Emirates;Middle East;"Bentham Science Publishers";"2005-2025";"Drug Discovery (Q3)";"Pharmacology, Toxicology and Pharmaceutics"
109;24043;"Journal of Labelled Compounds and Radiopharmaceuticals";journal;"03624803, 10991344";"John Wiley and Sons Ltd";No;No;0,326;Q3;58;45;154;1626;214;134;0,88;36,13;22,05;0;United Kingdom;Western Europe;"John Wiley and Sons Ltd";"1976-2026";"Analytical Chemistry (Q3); Biochemistry (Q3); Drug Discovery (Q3); Organic Chemistry (Q3); Radiology, Nuclear Medicine and Imaging (Q3); Spectroscopy (Q3)";"Biochemistry, Genetics and Molecular Biology; Chemistry; Medicine; Pharmacology, Toxicology and Pharmaceutics"
110;26514;"Tetrahedron Letters";journal;"00404039, 18733581";"Elsevier Ltd";No;No;0,323;Q3;190;411;1868;15132;2904;1867;1,51;36,82;32,91;0;United Kingdom;Western Europe;"Elsevier Ltd";"1959-2026";"Biochemistry (Q3); Drug Discovery (Q3); Organic Chemistry (Q3)";"Biochemistry, Genetics and Molecular Biology; Chemistry; Pharmacology, Toxicology and Pharmaceutics"
111;130047;"Current Drug Discovery Technologies";journal;"15701638, 18756220";"Bentham Science Publishers";No;No;0,319;Q3;55;43;184;2498;330;180;1,82;58,09;39,67;0;United Arab Emirates;Middle East;"Bentham Science Publishers";"2004-2026";"Drug Discovery (Q3)";"Pharmacology, Toxicology and Pharmaceutics"
112;130072;"International Journal of Medicinal Mushrooms";journal;"15219437, 19404344";"Begell House Inc.";No;No;0,318;Q3;47;83;293;3654;526;292;1,71;44,02;47,48;0;United States;Northern America;"Begell House Inc.";"2005-2026";"Applied Microbiology and Biotechnology (Q3); Drug Discovery (Q3); Pharmacology (Q3)";"Immunology and Microbiology; Pharmacology, Toxicology and Pharmaceutics"
113;19984;"Assay and Drug Development Technologies";journal;"1540658X, 15578127";"Mary Ann Liebert Inc.";No;No;0,317;Q3;68;32;126;1530;238;118;1,63;47,81;35,63;0;United States;Northern America;"Mary Ann Liebert Inc.";"2002-2026";"Drug Discovery (Q3); Molecular Medicine (Q4)";"Biochemistry, Genetics and Molecular Biology; Pharmacology, Toxicology and Pharmaceutics"
114;23453;"Combinatorial Chemistry and High Throughput Screening";journal;"13862073, 18755402";"Bentham Science Publishers";No;No;0,301;Q3;75;214;504;12376;795;472;1,63;57,83;43,40;0;United Arab Emirates;Middle East;"Bentham Science Publishers";"1998-2026";"Computer Science Applications (Q3); Drug Discovery (Q3); Medicine (miscellaneous) (Q3); Organic Chemistry (Q3)";"Chemistry; Computer Science; Medicine; Pharmacology, Toxicology and Pharmaceutics"
115;17700155034;"Natural Product Communications";journal;"15559475, 1934578X";"SAGE Publications Inc.";Yes;No;0,298;Q3;75;198;821;8405;1444;800;1,59;42,45;37,08;0;United States;Northern America;"SAGE Publications Inc.";"2006-2026";"Complementary and Alternative Medicine (Q3); Drug Discovery (Q3); Medicine (miscellaneous) (Q3); Pharmacology (Q3); Plant Science (Q3)";"Agricultural and Biological Sciences; Medicine; Pharmacology, Toxicology and Pharmaceutics"
116;21100456601;"Journal of Pharmacy and Pharmacognosy Research";journal;"07194250";"Academic Association of Pharmaceutical Sciences from Antofagasta (ASOCIFA)";Yes;No;0,291;Q3;25;90;219;3893;407;218;2,01;43,26;50,67;0;Chile;Latin America;"Academic Association of Pharmaceutical Sciences from Antofagasta (ASOCIFA)";"2013-2025";"Pharmacy (Q2); Complementary and Alternative Medicine (Q3); Drug Discovery (Q3); Pharmaceutical Science (Q3); Pharmacology (Q3)";"Health Professions; Medicine; Pharmacology, Toxicology and Pharmaceutics"
117;21101053560;"Trends in Phytochemical Research";journal;"25883623, 25883631";"OICC Press";No;No;0,290;Q3;13;25;73;1660;117;67;2,00;66,40;47,62;0;Iran;Middle East;"OICC Press";"2019-2025";"Drug Discovery (Q3); Organic Chemistry (Q3); Pharmacology (Q3); Plant Science (Q3); Biochemistry (Q4)";"Agricultural and Biological Sciences; Biochemistry, Genetics and Molecular Biology; Chemistry; Pharmacology, Toxicology and Pharmaceutics"
118;19700175004;"Open Medicinal Chemistry Journal";journal;"18741045";"Bentham Science Publishers";Yes;No;0,289;Q4;26;9;22;476;47;19;2,80;52,89;36,36;0;United Arab Emirates;Middle East;"Bentham Science Publishers";"2009-2026";"Pharmaceutical Science (Q3); Pharmacology (Q3); Drug Discovery (Q4); Molecular Medicine (Q4)";"Biochemistry, Genetics and Molecular Biology; Pharmacology, Toxicology and Pharmaceutics"
119;4700152609;"Current Computer-Aided Drug Design";journal;"18756697, 15734099";"Bentham Science Publishers";No;No;0,283;Q4;37;36;197;1766;351;191;1,69;49,06;38,36;0;United Arab Emirates;Middle East;"Bentham Science Publishers";"2006-2026";"Medicine (miscellaneous) (Q3); Drug Discovery (Q4); Molecular Medicine (Q4)";"Biochemistry, Genetics and Molecular Biology; Medicine; Pharmacology, Toxicology and Pharmaceutics"
120;19700175096;"Pharmacognosy Journal";journal;"09753575";"EManuscript Technologies";No;No;0,279;Q4;43;228;674;7674;1005;674;1,54;33,66;45,20;0;India;Asiatic Region;"EManuscript Technologies";"2009-2025";"Pharmacology (Q3); Drug Discovery (Q4)";"Pharmacology, Toxicology and Pharmaceutics"
121;21100833039;"Journal of HerbMed Pharmacology";journal;"23455004";"Shahrekord University of Medical Sciences";Yes;No;0,274;Q4;24;66;171;2859;248;169;1,31;43,32;42,36;0;Iran;Middle East;"Shahrekord University of Medical Sciences";"2015-2026";"Drug Discovery (Q4)";"Pharmacology, Toxicology and Pharmaceutics"
122;21101176855;"Journal of Medicinal and Pharmaceutical Chemistry Research (discontinued)";journal;"29810213, 29810221";"Sami Publishing Company";No;No;0,266;Q4;7;28;0;1095;0;0;0,00;39,11;33,33;0;France;Western Europe;"Sami Publishing Company";"2023-2026";"Chemistry (miscellaneous) (Q3); Pharmaceutical Science (Q3); Pharmacology (Q3); Drug Discovery (Q4)";"Chemistry; Pharmacology, Toxicology and Pharmaceutics"
123;21100860941;"Expert Review of Precision Medicine and Drug Development";journal;"23808993";"Taylor and Francis Ltd.";No;No;0,257;Q4;19;3;102;251;95;79;0,92;83,67;42,86;0;United Kingdom;Western Europe;"Taylor and Francis Ltd.";"2016-2025";"Pharmacology (Q3); Drug Discovery (Q4); Genetics (Q4); Molecular Medicine (Q4)";"Biochemistry, Genetics and Molecular Biology; Pharmacology, Toxicology and Pharmaceutics"
124;21100902935;"Journal of Biologically Active Products from Nature";journal;"22311874, 22311866";"Taylor and Francis Ltd.";No;No;0,243;Q4;23;39;112;1772;152;111;1,18;45,44;34,59;0;United Kingdom;Western Europe;"Taylor and Francis Ltd.";"2011-2026";"Agricultural and Biological Sciences (miscellaneous) (Q3); Complementary and Alternative Medicine (Q3); Pharmacology (Q3); Plant Science (Q3); Drug Discovery (Q4); Toxicology (Q4)";"Agricultural and Biological Sciences; Medicine; Pharmacology, Toxicology and Pharmaceutics"
125;21101046187;"Journal of Medicinal and Chemical Sciences";journal;"26514702";"Sami Publishing Company";No;No;0,226;Q4;24;335;252;10210;433;252;1,78;30,48;47,32;0;France;Western Europe;"Sami Publishing Company";"2020-2024";"Biochemistry, Genetics and Molecular Biology (miscellaneous) (Q3); Chemistry (miscellaneous) (Q3); Pharmaceutical Science (Q3); Drug Discovery (Q4); Molecular Medicine (Q4)";"Biochemistry, Genetics and Molecular Biology; Chemistry; Pharmacology, Toxicology and Pharmaceutics"
126;130038;"Letters in Drug Design and Discovery";journal;"1875628X, 15701808";"KeAi Communications Co.";No;No;0,222;Q4;41;172;329;9716;351;304;1,22;56,49;39,78;0;China;Asiatic Region;"KeAi Communications Co.";"2005-2026";"Pharmaceutical Science (Q3); Drug Discovery (Q4); Molecular Medicine (Q4)";"Biochemistry, Genetics and Molecular Biology; Pharmacology, Toxicology and Pharmaceutics"
127;21101041508;"Research Journal of Pharmacognosy";journal;"23455977, 23454458";"Iranian Society of Pharmacognosy";Yes;No;0,219;Q4;9;34;66;1358;68;65;1,03;39,94;43,07;0;Iran;Middle East;"Iranian Society of Pharmacognosy";"2020-2026";"Complementary and Alternative Medicine (Q3); Drug Discovery (Q4); Organic Chemistry (Q4)";"Chemistry; Medicine; Pharmacology, Toxicology and Pharmaceutics"
128;79053;"Natural Product Sciences";journal;"22889027, 12263907";"Korean Society of Pharmacognosy";No;No;0,211;Q4;34;46;119;1431;117;119;1,05;31,11;39,50;0;South Korea;Asiatic Region;"Korean Society of Pharmacognosy";"1997-2025";"Drug Discovery (Q4); Organic Chemistry (Q4)";"Chemistry; Pharmacology, Toxicology and Pharmaceutics"
129;21101055117;"Recent Advances in Anti-Infective Drug Discovery";journal;"27724352, 27724344";"Bentham Science Publishers";No;No;0,203;Q4;40;18;53;861;59;50;1,10;47,83;40,43;0;United Arab Emirates;Middle East;"Bentham Science Publishers";"2021-2026";"Pharmacology (medical) (Q3); Drug Discovery (Q4); Infectious Diseases (Q4)";"Medicine; Pharmacology, Toxicology and Pharmaceutics"
130;21100451405;"Natural Products Journal";journal;"22103163, 22103155";"Bentham Science Publishers";No;No;0,200;Q4;22;63;205;6243;184;198;0,95;99,10;41,86;0;United Arab Emirates;Middle East;"Bentham Science Publishers";"2011-2026";"Complementary and Alternative Medicine (Q3); Drug Discovery (Q4)";"Medicine; Pharmacology, Toxicology and Pharmaceutics"
131;21086;"Pharmaceutical Chemistry Journal";journal;"15739031, 0091150X";"Springer New York";No;No;0,195;Q4;44;251;684;7977;574;683;0,79;31,78;47,76;0;United States;Northern America;"Springer New York";"1967-2026";"Drug Discovery (Q4); Pharmacology (Q4)";"Pharmacology, Toxicology and Pharmaceutics"
132;21100854828;"Current Traditional Medicine";journal;"22150846, 22150838";"Bentham Science Publishers";No;No;0,194;Q4;12;65;141;5798;125;137;0,66;89,20;43,46;0;United Arab Emirates;Middle East;"Bentham Science Publishers";"2015-2017, 2020-2026";"Complementary and Alternative Medicine (Q3); Drug Discovery (Q4)";"Medicine; Pharmacology, Toxicology and Pharmaceutics"
133;19200156945;"Boletin Latinoamericano y del Caribe de Plantas Medicinales y Aromaticas";journal;"07177917";"MS-Editions";Yes;No;0,193;Q4;28;60;140;3648;126;139;0,89;60,80;48,54;0;Chile;Latin America;"MS-Editions";"2008-2026";"Complementary and Alternative Medicine (Q3); Drug Discovery (Q4); Pharmacology (Q4); Plant Science (Q4)";"Agricultural and Biological Sciences; Medicine; Pharmacology, Toxicology and Pharmaceutics"
134;21101012656;"Drug Development and Registration";journal;"26585049, 23052066";"";Yes;Yes;0,187;Q4;10;125;287;2518;206;279;0,80;20,14;63,68;0;Russian Federation;Eastern Europe;"";"2019-2025";"Pharmaceutical Science (Q3); Drug Discovery (Q4)";"Pharmacology, Toxicology and Pharmaceutics"
135;21100933230;"Tropical Journal of Natural Product Research";journal;"26160692, 26160684";"Faculty of Pharmacy, University of Benin";Yes;No;0,177;Q4;17;423;837;17057;695;837;0,83;40,32;44,19;0;Nigeria;Africa;"Faculty of Pharmacy, University of Benin";"2017-2026";"Pharmaceutical Science (Q3); Analytical Chemistry (Q4); Biochemistry (Q4); Complementary and Alternative Medicine (Q4); Drug Discovery (Q4); Molecular Medicine (Q4); Pharmacology (Q4)";"Biochemistry, Genetics and Molecular Biology; Chemistry; Medicine; Pharmacology, Toxicology and Pharmaceutics"
136;4000148308;"Chinese Traditional and Herbal Drugs";journal;"02532670";"Editorial Office of Chinese Traditional and Herbal Drugs";No;No;0,169;Q4;30;813;2421;32473;1602;2421;0,65;39,94;45,33;0;China;Asiatic Region;"Editorial Office of Chinese Traditional and Herbal Drugs";"2006-2026";"Pharmaceutical Science (Q3); Complementary and Alternative Medicine (Q4); Drug Discovery (Q4); Pharmacology (medical) (Q4)";"Medicine; Pharmacology, Toxicology and Pharmaceutics"
137;21101061457;"European Pharmaceutical Law Review";journal;"25117157, 25117181";"Lexxion Verlagsgesellschaft mbH";No;No;0,162;Q4;6;0;71;0;28;42;0,25;0,00;0,00;0;Germany;Western Europe;"Lexxion Verlagsgesellschaft mbH";"2019-2022";"Law (Q3); Pharmaceutical Science (Q3); Pharmacology, Toxicology and Pharmaceutics (miscellaneous) (Q3); Drug Discovery (Q4)";"Pharmacology, Toxicology and Pharmaceutics; Social Sciences"
138;4700152607;"Current Enzyme Inhibition";journal;"18756662, 15734080";"Bentham Science Publishers";No;No;0,157;Q4;21;25;71;1315;51;64;0,81;52,60;40,00;0;United Arab Emirates;Middle East;"Bentham Science Publishers";"2006-2025";"Biochemistry (Q4); Drug Discovery (Q4); Molecular Medicine (Q4)";"Biochemistry, Genetics and Molecular Biology; Pharmacology, Toxicology and Pharmaceutics"
139;19800188074;"Medicinal Plants - International Journal of Phytomedicines and Related Industries";journal;"09754261, 09756892";"IOS Press BV";No;No;0,154;Q4;15;81;234;3669;136;231;0,56;45,30;47,98;0;Netherlands;Western Europe;"IOS Press BV";"2010-2025";"Drug Discovery (Q4); Organic Chemistry (Q4); Plant Science (Q4)";"Agricultural and Biological Sciences; Chemistry; Pharmacology, Toxicology and Pharmaceutics"
140;21100795043;"Journal of Natural Remedies";journal;"23203358, 09725547";"Informatics Publishing Limited";Yes;No;0,153;-;28;148;136;5682;65;132;0,44;38,39;44,77;0;India;Asiatic Region;"Informatics Publishing Limited";"2002-2026";"Pharmacology (Q4)";"Pharmacology, Toxicology and Pharmaceutics"
141;17300154738;"Current Trends in Biotechnology and Pharmacy";journal;"22307303, 09738916";"Association of Biotechnology and Pharmacy";No;No;0,152;Q4;19;104;260;3336;121;259;0,51;32,08;42,64;0;India;Asiatic Region;"Association of Biotechnology and Pharmacy";"2009-2026";"Pharmaceutical Science (Q3); Biotechnology (Q4); Drug Discovery (Q4)";"Biochemistry, Genetics and Molecular Biology; Pharmacology, Toxicology and Pharmaceutics"
142;21101160673;"Chinese Journal of Modern Applied Pharmacy";journal;"10077693";"Chinese Journal of Modern Applied Pharmacy Publishing House";No;No;0,144;Q4;9;451;1383;12831;497;1382;0,37;28,45;47,14;0;China;Asiatic Region;"Chinese Journal of Modern Applied Pharmacy Publishing House";"2019-2025";"Drug Discovery (Q4); Pharmacology, Toxicology and Pharmaceutics (miscellaneous) (Q4)";"Pharmacology, Toxicology and Pharmaceutics"
143;23171;"Korean Journal of Pharmacognosy";journal;"02533073, 22889299";"Korean Society of Pharmacognosy";No;No;0,140;Q4;19;32;102;880;34;101;0,35;27,50;38,57;0;South Korea;Asiatic Region;"Korean Society of Pharmacognosy";"1990-2025";"Drug Discovery (Q4); Pharmaceutical Science (Q4); Pharmacology (Q4)";"Pharmacology, Toxicology and Pharmaceutics"
144;21101042009;"Journal of Medical Pharmaceutical and Allied Sciences (discontinued)";journal;"23207418";"MEDIC SCIENTIFIC";No;No;0,136;Q4;13;109;616;3205;199;616;0,33;29,40;40,13;0;India;Asiatic Region;"MEDIC SCIENTIFIC";"2019-2023";"Drug Discovery (Q4); Pharmaceutical Science (Q4); Pharmacology (Q4); Pharmacology, Toxicology and Pharmaceutics (miscellaneous) (Q4)";"Pharmacology, Toxicology and Pharmaceutics"
145;21100208082;"VacciMonitor";journal;"10250298, 1025028X";"Finlay Ediciones";Yes;Yes;0,133;Q4;7;14;59;264;15;51;0,15;18,86;66,10;0;Cuba;Latin America;"Finlay Ediciones";"2012-2025";"Drug Discovery (Q4); Immunology (Q4); Immunology and Allergy (Q4); Molecular Medicine (Q4)";"Biochemistry, Genetics and Molecular Biology; Immunology and Microbiology; Medicine; Pharmacology, Toxicology and Pharmaceutics"
146;19600161802;"International Journal of Computational Biology and Drug Design";journal;"17560764, 17560756";"Inderscience Publishers";No;No;0,120;Q4;17;14;80;527;27;79;0,48;37,64;37,78;0;United Kingdom;Western Europe;"Inderscience Publishers";"2008-2025";"Computer Science Applications (Q4); Drug Discovery (Q4)";"Computer Science; Pharmacology, Toxicology and Pharmaceutics"
147;19381;"Latin American Journal of Pharmacy (discontinued)";journal;"03262383";"Colegio de Farmaceuticos de la Provincia de Buenos Aires";No;No;0,119;Q4;32;427;1201;11580;237;1193;0,19;27,12;44,32;0;Argentina;Latin America;"Colegio de Farmaceuticos de la Provincia de Buenos Aires";"1989-2024";"Drug Discovery (Q4); Pharmaceutical Science (Q4)";"Pharmacology, Toxicology and Pharmaceutics"
148;22375;"Indian Drugs";journal;"0019462X";"Indian Drug Manufacturers' Association";No;No;0,114;Q4;33;136;378;3668;58;342;0,14;26,97;50,90;0;India;Asiatic Region;"Indian Drug Manufacturers' Association";"1989-2025";"Drug Discovery (Q4); Pharmaceutical Science (Q4); Pharmacology (Q4)";"Pharmacology, Toxicology and Pharmaceutics"
149;21101061446;"Drugs and Clinic";journal;"16745515";"Tianjin Press of Chinese Herbal Medicines";No;No;0,112;Q4;5;417;759;9581;104;759;0,14;22,98;46,55;0;China;Asiatic Region;"Tianjin Press of Chinese Herbal Medicines";"2021-2026";"Drug Discovery (Q4); Pharmaceutical Science (Q4); Pharmacology (Q4); Pharmacology (medical) (Q4)";"Medicine; Pharmacology, Toxicology and Pharmaceutics"
150;29953;"Journal of Experimental Therapeutics and Oncology";journal;"13594117, 1533869X";"Old City Publishing";No;No;0,108;Q4;42;0;5;0;0;4;0,00;0,00;0,00;0;United States;Northern America;"Old City Publishing";"1996, 2002-2020";"Cancer Research (Q4); Drug Discovery (Q4); Pharmacology (Q4)";"Biochemistry, Genetics and Molecular Biology; Pharmacology, Toxicology and Pharmaceutics"
151;21101045285;"Journal of Angiotherapy (discontinued)";journal;"22078843, 2207872X";"Eman Research";No;No;0,106;Q4;6;41;57;1659;4;57;0,07;40,46;38,83;0;Australia;Pacific Region;"Eman Research";"2019-2024";"Drug Discovery (Q4); Pharmaceutical Science (Q4); Pharmacology, Toxicology and Pharmaceutics (miscellaneous) (Q4)";"Pharmacology, Toxicology and Pharmaceutics"
152;58808;"Pharmaceutical Care and Research";journal;"16712838";"Publishing House of Pharmaceutical Care and Research";No;No;0,106;Q4;9;0;162;0;17;154;0,08;0,00;0,00;0;China;Asiatic Region;"Publishing House of Pharmaceutical Care and Research";"2004-2021";"Drug Discovery (Q4); Pharmaceutical Science (Q4); Pharmacology (Q4); Pharmacy (Q4)";"Health Professions; Pharmacology, Toxicology and Pharmaceutics"
153;5100152903;"Revista Cubana de Plantas Medicinales";journal;"10284796";"Editorial Ciencias Medicas";Yes;No;0,105;Q4;17;18;71;467;12;62;0,18;25,94;64,00;0;Cuba;Latin America;"Editorial Ciencias Medicas";"1996-1997, 1999-2002, 2005-2024";"Drug Discovery (Q4); Pharmacology (Q4); Plant Science (Q4)";"Agricultural and Biological Sciences; Pharmacology, Toxicology and Pharmaceutics"
154;21101236065;"Aging Pathobiology and Therapeutics";journal;"26901803";"Ant Publishing Corporation";No;No;;-;10;28;95;1106;86;71;0,63;39,50;45,83;0;United States;Northern America;"Ant Publishing Corporation";"2019-2025";"Cellular and Molecular Neuroscience; Drug Discovery; Geriatrics and Gerontology; Pharmacology, Toxicology and Pharmaceutics (miscellaneous)";"Medicine; Neuroscience; Pharmacology, Toxicology and Pharmaceutics"
155;21101256322;"China Pharmacy";journal;"10010408";"";Yes;No;;-;8;549;1451;12410;402;1451;0,27;22,60;48,62;0;China;Asiatic Region;"";"2020-2026";"Drug Discovery; Pharmaceutical Science; Pharmacology; Pharmacology, Toxicology and Pharmaceutics (miscellaneous)";"Pharmacology, Toxicology and Pharmaceutics"
156;21101294937;"Chinese Journal of Clinical Pharmacology and Therapeutics";journal;"10092501";"Chinese Journal of Clinical Pharmacology and Therapeutics";No;No;;-;6;178;371;6229;58;371;0,16;34,99;46,63;0;China;Asiatic Region;"Chinese Journal of Clinical Pharmacology and Therapeutics";"2021-2025";"Drug Discovery; Pharmaceutical Science; Pharmacology; Pharmacology (medical)";"Medicine; Pharmacology, Toxicology and Pharmaceutics"
157;21101196713;"Emerging Trends in Drugs, Addictions, and Health";journal;"26671182";"Elsevier Ltd";Yes;No;;-;10;11;38;323;52;37;1,37;29,36;42,59;1;United Kingdom;Western Europe;"Elsevier Ltd";"2021-2026";"Clinical Psychology; Drug Discovery; Medicine (miscellaneous); Pharmacology; Psychiatry and Mental Health";"Medicine; Pharmacology, Toxicology and Pharmaceutics; Psychology"
158;21101189819;"European Health and Pharmaceutical Law Review";journal;"2751398X, 27513971";"Lexxion Verlagsgesellschaft mbH";No;No;;-;1;11;0;40;0;0;0,00;3,64;28,57;0;Germany;Western Europe;"Lexxion Verlagsgesellschaft mbH";"2023, 2025";"Drug Discovery; Law; Pharmaceutical Science; Pharmacology, Toxicology and Pharmaceutics (miscellaneous)";"Pharmacology, Toxicology and Pharmaceutics; Social Sciences"
159;21101251268;"Frontiers in Antibiotics";journal;"28132467";"Frontiers Media SA";Yes;No;;-;11;28;16;2000;20;13;1,25;71,43;39,86;2;Switzerland;Western Europe;"Frontiers Media SA";"2022-2026";"Drug Discovery; Infectious Diseases; Microbiology (medical); Pharmacology";"Medicine; Pharmacology, Toxicology and Pharmaceutics"
160;21101292997;"Frontiers in Drug Discovery";journal;"26740338";"Frontiers Media SA";Yes;No;;-;15;32;55;2212;99;49;1,80;69,13;34,64;3;Switzerland;Western Europe;"Frontiers Media SA";"2021-2026";"Drug Discovery; Medicine (miscellaneous); Pharmacology; Pharmacology, Toxicology and Pharmaceutics (miscellaneous)";"Medicine; Pharmacology, Toxicology and Pharmaceutics"
161;21101264203;"International Journal of Advanced Science and Engineering";journal;"23495359";"Mahendra Publications";No;No;;-;6;53;101;2111;30;101;0,30;39,83;34,92;0;India;Asiatic Region;"Mahendra Publications";"2021-2025";"Civil and Structural Engineering; Drug Discovery; Engineering (miscellaneous); Materials Science (miscellaneous); Pharmacology, Toxicology and Pharmaceutics (miscellaneous)";"Engineering; Materials Science; Pharmacology, Toxicology and Pharmaceutics"
162;21101295545;"International Journal of Drug Discovery and Pharmacology";journal;"26536234";"Scilight Press Pty. Ltd";Yes;No;;-;8;24;11;1502;6;10;0,55;62,58;42,57;0;Australia;Pacific Region;"Scilight Press Pty. Ltd";"2022-2025";"Drug Discovery; Pharmacology";"Pharmacology, Toxicology and Pharmaceutics"
163;21101290593;"Life Sciences, Medicine and Biomedicine";journal;"26007207";"Biome Scientia Sdn Bhd";Yes;No;;-;3;8;10;284;2;10;0,20;35,50;57,14;0;Malaysia;Asiatic Region;"Biome Scientia Sdn Bhd";"2022-2025";"Drug Discovery; Medicine (miscellaneous); Pharmacology, Toxicology and Pharmaceutics (miscellaneous)";"Medicine; Pharmacology, Toxicology and Pharmaceutics"
164;21101207465;"NEJM Evidence";journal;"27665526";"Massachussetts Medical Society";No;No;;-;19;9;2;291;11;2;5,50;32,33;40,10;0;United States;Northern America;"Massachussetts Medical Society";"2022-2025";"Drug Discovery; Medicine (miscellaneous); Pharmacology";"Medicine; Pharmacology, Toxicology and Pharmaceutics"
165;21101251261;"Ukrains'kij Zurnal Vijskovoi Medicini";journal;"27086623, 27086615";"";Yes;Yes;;-;6;75;141;1346;65;141;0,53;17,95;54,37;0;Ukraine;Eastern Europe;"";"2020-2025";"Drug Discovery; Medicine (miscellaneous); Pharmaceutical Science; Pharmacology";"Medicine; Pharmacology, Toxicology and Pharmaceutics"
